Page Title,File Name,Topic
Abandoned Farmland Restoration,solution-abandoned-farmland-restoration.md,Abandoned Farmland Restoration
Alternative Cement,solution-alternative-cement.md,Alternative Cement
Alternative Refrigerants,solution-alternative-refrigerants.md,Alternative Refrigerants
Bamboo Production,solution-bamboo-production.md,Bamboo Production
Bicycle Infrastructure,solution-bicycle-infrastructure.md,Bicycle Infrastructure
Biochar Production,solution-biochar-production.md,Biochar Production
Biogas for Cooking,solution-biogas-for-cooking.md,Biogas for Cooking
Biomass Power,solution-biomass-power.md,Biomass Power
Bioplastics,solution-bioplastics.md,Bioplastics
Building Automation Systems,solution-building-automation-systems.md,Building Automation Systems
Building Retrofitting,solution-building-retrofitting.md,Building Retrofitting
Carpooling,solution-carpooling.md,Carpooling
Clean Cooking,solution-clean-cooking.md,Clean Cooking
Coastal Wetland Protection,solution-coastal-wetland-protection.md,Coastal Wetland Protection
Coastal Wetland Restoration,solution-coastal-wetland-restoration.md,Coastal Wetland Restoration
Composting,solution-composting.md,Composting
Concentrated Solar Power,solution-concentrated-solar-power.md,Concentrated Solar Power
Conservation Agriculture,solution-conservation-agriculture.md,Conservation Agriculture
Distributed Energy Storage,solution-distributed-energy-storage.md,Distributed Energy Storage
Distributed Solar Photovoltaics,solution-distributed-solar-photovoltaics.md,Distributed Solar Photovoltaics
District Heating,solution-district-heating.md,District Heating
Dynamic Glass,solution-dynamic-glass.md,Dynamic Glass
Efficient Aviation,solution-efficient-aviation.md,Efficient Aviation
Efficient Ocean Shipping,solution-efficient-ocean-shipping.md,Efficient Ocean Shipping
Efficient Trucks,solution-efficient-trucks.md,Efficient Trucks
Electric Bicycles,solution-electric-bicycles.md,Electric Bicycles
Electric Cars,solution-electric-cars.md,Electric Cars
Electric Trains,solution-electric-trains.md,Electric Trains
Family Planning and Education,solution-family-planning-and-education.md,Family Planning and Education
Farm Irrigation Efficiency,solution-farm-irrigation-efficiency.md,Farm Irrigation Efficiency
Forest Protection,solution-forest-protection.md,Forest Protection
Geothermal Power,solution-geothermal-power.md,Geothermal Power
Grassland Protection,solution-grassland-protection.md,Grassland Protection
Green and Cool Roofs,solution-green-and-cool-roofs.md,Green and Cool Roofs
Grid Flexibility,solution-grid-flexibility.md,Grid Flexibility
High-Efficiency Heat Pumps,solution-high-efficiency-heat-pumps.md,High-Efficiency Heat Pumps
High-Performance Glass,solution-high-performance-glass.md,High-Performance Glass
High-Speed Rail,solution-high-speed-rail.md,High-Speed Rail
Hybrid Cars,solution-hybrid-cars.md,Hybrid Cars
Improved Aquaculture,solution-improved-aquaculture.md,Improved Aquaculture
Improved Cattle Feed,solution-improved-cattle-feed.md,Improved Cattle Feed
Improved Fisheries,solution-improved-fisheries.md,Improved Fisheries
Improved Manure Management,solution-improved-manure-management.md,Improved Manure Management
Improved Rice Production,solution-improved-rice-production.md,Improved Rice Production
Indigenous Peoples’ Forest Tenure,solution-index.md,Indigenous Peoples’ Forest Tenure
Insulation,solution-indigenous-peoples-forest-tenure.md,Insulation
Landfill Methane Capture,solution-insulation.md,Landfill Methane Capture
LED Lighting,solution-landfill-methane-capture.md,LED Lighting
Low-Flow Fixtures,solution-led-lighting.md,Low-Flow Fixtures
Macroalgae Protection and Restoration,solution-low-flow-fixtures.md,Macroalgae Protection and Restoration
Managed Grazing,solution-macroalgae-protection-and-restoration.md,Managed Grazing
Methane Digesters,solution-managed-grazing.md,Methane Digesters
Methane Leak Management,solution-methane-digesters.md,Methane Leak Management
Micro Wind Turbines,solution-methane-leak-management.md,Micro Wind Turbines
Microgrids,solution-micro-wind-turbines.md,Microgrids
Multistrata Agroforestry,solution-microgrids.md,Multistrata Agroforestry
Net Zero Buildings,solution-multistrata-agroforestry.md,Net Zero Buildings
Nuclear Power,solution-net-zero-buildings.md,Nuclear Power
Nutrient Management,solution-nuclear-power.md,Nutrient Management
Ocean Power,solution-nutrient-management.md,Ocean Power
Offshore Wind Turbines,solution-ocean-power.md,Offshore Wind Turbines
Onshore Wind Turbines,solution-offshore-wind-turbines.md,Onshore Wind Turbines
Peatland Protection and Rewetting,solution-onshore-wind-turbines.md,Peatland Protection and Rewetting
Perennial Biomass Production,solution-peatland-protection-and-rewetting.md,Perennial Biomass Production
Perennial Staple Crops,solution-perennial-biomass-production.md,Perennial Staple Crops
Plant-Rich Diets,solution-perennial-staple-crops.md,Plant-Rich Diets
Public Transit,solution-plant-rich-diets.md,Public Transit
Recycled Metals,solution-public-transit.md,Recycled Metals
Recycled Paper,solution-recycled-metals.md,Recycled Paper
Recycled Plastics,solution-recycled-paper.md,Recycled Plastics
Recycling,solution-recycled-plastics.md,Recycling
Reduced Food Waste,solution-recycling.md,Reduced Food Waste
Reduced Plastics,solution-reduced-plastics.md,Reduced Plastics
Refrigerant Management,solution-refrigerant-management.md,Refrigerant Management
Regenerative Annual Cropping,solution-regenerative-annual-cropping.md,Regenerative Annual Cropping
Seafloor Protection,solution-seafloor-protection.md,Seafloor Protection
Seaweed Farming,solution-seaweed-farming.md,Seaweed Farming
Silvopasture,solution-silvopasture.md,Silvopasture
Small Hydropower,solution-small-hydropower.md,Small Hydropower
Smart Thermostats,solution-smart-thermostats.md,Smart Thermostats
Solar Hot Water,solution-solar-hot-water.md,Solar Hot Water
Sustainable Intensification for Smallholders,solution-sustainable-intensification-for-smallholders.md,Sustainable Intensification for Smallholders
System of Rice Intensification,solution-system-of-rice-intensification.md,System of Rice Intensification
Telepresence,solution-telepresence.md,Telepresence
Temperate Forest Restoration,solution-temperate-forest-restoration.md,Temperate Forest Restoration
Tree Intercropping,solution-tree-intercropping.md,Tree Intercropping
Tree Plantations (on Degraded Land),solution-tree-plantations-(on-degraded-land).md,Tree Plantations (on Degraded Land)
Tropical Forest Restoration,solution-tropical-forest-restoration.md,Tropical Forest Restoration
Utility-Scale Energy Storage,solution-utility-scale-energy-storage.md,Utility-Scale Energy Storage
Utility-Scale Solar Photovoltaics,solution-utility-scale-solar-photovoltaics.md,Utility-Scale Solar Photovoltaics
Walkable Cities,solution-walkable-cities.md,Walkable Cities
Waste to Energy,solution-waste-to-energy.md,Waste to Energy
Water Distribution Efficiency,solution-water-distribution-efficiency.md,Water Distribution Efficiency
